{"mean_squared_error": 0.41165775833333124, "mean_absolute_error": 0.49234166666666507, "r2_score": 0.9618983190161843}