temperature,humidity,wind_speed,weather_condition,day_of_week,month,hour,day
-0.788458510488199,0.441192279034437,0.015102363372538195,1,1,11,1,26
-0.3703365731080948,0.6674447298213279,0.30204726745076355,1,0,11,1,25
1.287218250077324,0.38462916633771427,-1.8726930581947345,1,6,11,1,24
1.0706908182197687,-1.9910215669246396,1.0873701628227492,0,5,11,1,23
-1.1991139847008028,0.4977553917311597,0.4681732645486837,0,4,11,1,22
