{"mean_squared_error": 1.3567863345833355, "mean_absolute_error": 0.9349541666666669, "r2_score": 0.9020120847221795}