{"mean_squared_error": 0.5527245125000008, "mean_absolute_error": 0.5799749999999984, "r2_score": 0.9529442971291171}