{"mean_squared_error": 0.5166998333333352, "mean_absolute_error": 0.5253166666666695, "r2_score": 0.9507305858977373}